filename,file_size,file_attributes,region_count,region_id,region_shape_attributes,region_attributes
image_0_6.png,99275,"{}",1,0,"{""name"":""rect"",""x"":14,""y"":54,""width"":215,""height"":162}","{}"
image_0_7.png,226256,"{}",1,0,"{""name"":""rect"",""x"":238,""y"":142,""width"":227,""height"":179}","{}"
image_0_21.png,129503,"{}",1,0,"{""name"":""rect"",""x"":94,""y"":5,""width"":218,""height"":193}","{}"
image_0_36.png,136812,"{}",1,0,"{""name"":""rect"",""x"":56,""y"":2,""width"":256,""height"":224}","{}"
image_0_37.png,254803,"{}",1,0,"{""name"":""rect"",""x"":7,""y"":54,""width"":266,""height"":241}","{}"
image_0_38.png,200370,"{}",1,0,"{""name"":""rect"",""x"":77,""y"":38,""width"":196,""height"":189}","{}"
image_0_64.png,94428,"{}",1,0,"{""name"":""rect"",""x"":130,""y"":16,""width"":170,""height"":157}","{}"
image_0_65.png,141041,"{}",1,0,"{""name"":""rect"",""x"":27,""y"":9,""width"":267,""height"":196}","{}"
image_0_68.png,76716,"{}",1,0,"{""name"":""rect"",""x"":21,""y"":6,""width"":184,""height"":193}","{}"
image_0_74.png,308981,"{}",1,0,"{""name"":""rect"",""x"":117,""y"":10,""width"":365,""height"":290}","{}"
image_0_96.png,325489,"{}",1,0,"{""name"":""rect"",""x"":22,""y"":12,""width"":415,""height"":296}","{}"
image_0_105.png,67298,"{}",1,0,"{""name"":""rect"",""x"":46,""y"":5,""width"":177,""height"":189}","{}"
image_0_108.png,69132,"{}",1,0,"{""name"":""rect"",""x"":6,""y"":86,""width"":152,""height"":128}","{}"
image_0_115.png,291593,"{}",1,0,"{""name"":""rect"",""x"":84,""y"":110,""width"":110,""height"":99}","{}"
image_0_117.png,174582,"{}",1,0,"{""name"":""rect"",""x"":99,""y"":24,""width"":297,""height"":246}","{}"
image_0_119.png,152373,"{}",1,0,"{""name"":""rect"",""x"":64,""y"":82,""width"":176,""height"":102}","{}"
image_0_136.png,63573,"{}",1,0,"{""name"":""rect"",""x"":62,""y"":33,""width"":176,""height"":153}","{}"
image_0_141.png,308613,"{}",1,0,"{""name"":""rect"",""x"":70,""y"":14,""width"":355,""height"":292}","{}"
image_0_146.png,292452,"{}",1,0,"{""name"":""rect"",""x"":62,""y"":35,""width"":368,""height"":288}","{}"
image_0_156.png,82868,"{}",1,0,"{""name"":""rect"",""x"":80,""y"":48,""width"":127,""height"":150}","{}"
image_0_157.png,91185,"{}",1,0,"{""name"":""rect"",""x"":23,""y"":10,""width"":155,""height"":149}","{}"
image_0_160.png,77715,"{}",1,0,"{""name"":""rect"",""x"":49,""y"":54,""width"":213,""height"":128}","{}"
image_0_161.png,57284,"{}",1,0,"{""name"":""rect"",""x"":22,""y"":12,""width"":85,""height"":122}","{}"
image_0_164.png,147032,"{}",1,0,"{""name"":""rect"",""x"":16,""y"":18,""width"":254,""height"":183}","{}"
image_0_168.png,291980,"{}",1,0,"{""name"":""rect"",""x"":65,""y"":14,""width"":329,""height"":287}","{}"
image_0_172.png,59147,"{}",1,0,"{""name"":""rect"",""x"":38,""y"":20,""width"":124,""height"":138}","{}"
image_0_180.png,177059,"{}",1,0,"{""name"":""rect"",""x"":80,""y"":55,""width"":193,""height"":185}","{}"
image_0_182.png,137043,"{}",1,0,"{""name"":""rect"",""x"":86,""y"":5,""width"":224,""height"":223}","{}"
image_0_187.png,194012,"{}",1,0,"{""name"":""rect"",""x"":30,""y"":36,""width"":399,""height"":245}","{}"
image_0_191.png,376546,"{}",1,0,"{""name"":""rect"",""x"":33,""y"":90,""width"":163,""height"":141}","{}"
image_0_194.png,153686,"{}",1,0,"{""name"":""rect"",""x"":176,""y"":5,""width"":211,""height"":173}","{}"
image_0_199.png,156789,"{}",1,0,"{""name"":""rect"",""x"":19,""y"":18,""width"":255,""height"":203}","{}"
image_0_204.png,364351,"{}",1,0,"{""name"":""rect"",""x"":47,""y"":30,""width"":366,""height"":319}","{}"
image_0_205.png,225813,"{}",1,0,"{""name"":""rect"",""x"":34,""y"":1,""width"":356,""height"":313}","{}"
image_0_243.png,150893,"{}",1,0,"{""name"":""rect"",""x"":91,""y"":33,""width"":181,""height"":152}","{}"
image_0_248.png,247153,"{}",1,0,"{""name"":""rect"",""x"":12,""y"":34,""width"":301,""height"":220}","{}"
image_0_249.png,237346,"{}",1,0,"{""name"":""rect"",""x"":102,""y"":74,""width"":222,""height"":165}","{}"
image_0_258.png,192162,"{}",1,0,"{""name"":""rect"",""x"":7,""y"":2,""width"":428,""height"":295}","{}"
image_0_262.png,55784,"{}",0,0,"{""name"":""rect"",""x"":7,""y"":2,""width"":428,""height"":295}","{}"
image_0_264.png,71421,"{}",1,0,"{""name"":""rect"",""x"":163,""y"":24,""width"":115,""height"":125}","{}"
image_0_265.png,135404,"{}",1,0,"{""name"":""rect"",""x"":45,""y"":37,""width"":208,""height"":150}","{}"
image_0_275.png,106132,"{}",1,0,"{""name"":""rect"",""x"":30,""y"":20,""width"":252,""height"":202}","{}"
image_0_277.png,228245,"{}",1,0,"{""name"":""rect"",""x"":154,""y"":132,""width"":191,""height"":117}","{}"
image_0_283.png,143447,"{}",1,0,"{""name"":""rect"",""x"":42,""y"":7,""width"":253,""height"":220}","{}"
image_0_285.png,268980,"{}",1,0,"{""name"":""rect"",""x"":80,""y"":6,""width"":321,""height"":268}","{}"
image_0_291.png,195863,"{}",1,0,"{""name"":""rect"",""x"":76,""y"":118,""width"":149,""height"":89}","{}"
image_0_295.png,285737,"{}",1,0,"{""name"":""rect"",""x"":115,""y"":14,""width"":355,""height"":310}","{}"
image_0_297.png,46644,"{}",1,0,"{""name"":""rect"",""x"":78,""y"":83,""width"":80,""height"":100}","{}"
image_0_299.png,204464,"{}",1,0,"{""name"":""rect"",""x"":134,""y"":44,""width"":244,""height"":222}","{}"
image_0_303.png,74096,"{}",1,0,"{""name"":""rect"",""x"":130,""y"":67,""width"":84,""height"":78}","{}"
image_0_304.png,140508,"{}",1,0,"{""name"":""rect"",""x"":311,""y"":187,""width"":129,""height"":126}","{}"
image_0_305.png,73106,"{}",1,0,"{""name"":""rect"",""x"":22,""y"":92,""width"":171,""height"":118}","{}"
image_0_314.png,68218,"{}",1,0,"{""name"":""rect"",""x"":57,""y"":67,""width"":82,""height"":87}","{}"
image_0_315.png,97629,"{}",1,0,"{""name"":""rect"",""x"":86,""y"":31,""width"":126,""height"":112}","{}"
image_0_322.png,245443,"{}",1,0,"{""name"":""rect"",""x"":158,""y"":44,""width"":277,""height"":231}","{}"
image_0_337.png,94245,"{}",1,0,"{""name"":""rect"",""x"":87,""y"":26,""width"":188,""height"":177}","{}"
image_0_355.png,226032,"{}",1,0,"{""name"":""rect"",""x"":154,""y"":86,""width"":208,""height"":169}","{}"
image_0_361.png,263320,"{}",1,0,"{""name"":""rect"",""x"":139,""y"":34,""width"":215,""height"":188}","{}"
image_0_373.png,85704,"{}",1,0,"{""name"":""rect"",""x"":5,""y"":89,""width"":218,""height"":136}","{}"
image_0_377.png,115375,"{}",1,0,"{""name"":""rect"",""x"":39,""y"":57,""width"":181,""height"":126}","{}"
image_0_381.png,80821,"{}",1,0,"{""name"":""rect"",""x"":70,""y"":28,""width"":149,""height"":128}","{}"
image_0_386.png,184294,"{}",1,0,"{""name"":""rect"",""x"":16,""y"":6,""width"":286,""height"":260}","{}"
image_0_390.png,104011,"{}",1,0,"{""name"":""rect"",""x"":82,""y"":32,""width"":68,""height"":98}","{}"
image_0_395.png,140610,"{}",1,0,"{""name"":""rect"",""x"":186,""y"":8,""width"":253,""height"":269}","{}"
image_0_399.png,68851,"{}",1,0,"{""name"":""rect"",""x"":64,""y"":58,""width"":155,""height"":172}","{}"
image_0_404.png,115814,"{}",1,0,"{""name"":""rect"",""x"":48,""y"":8,""width"":229,""height"":194}","{}"
image_0_412.png,129589,"{}",1,0,"{""name"":""rect"",""x"":7,""y"":8,""width"":222,""height"":219}","{}"
image_0_413.png,320256,"{}",1,0,"{""name"":""rect"",""x"":110,""y"":74,""width"":219,""height"":223}","{}"
image_0_423.png,251861,"{}",1,0,"{""name"":""rect"",""x"":201,""y"":30,""width"":241,""height"":252}","{}"
image_0_428.png,200547,"{}",1,0,"{""name"":""rect"",""x"":193,""y"":97,""width"":176,""height"":177}","{}"
image_0_446.png,166435,"{}",1,0,"{""name"":""rect"",""x"":34,""y"":14,""width"":265,""height"":227}","{}"
image_0_449.png,108907,"{}",1,0,"{""name"":""rect"",""x"":66,""y"":36,""width"":127,""height"":122}","{}"
image_0_457.png,61092,"{}",1,0,"{""name"":""rect"",""x"":73,""y"":113,""width"":97,""height"":93}","{}"
image_0_458.png,80816,"{}",1,0,"{""name"":""rect"",""x"":8,""y"":4,""width"":226,""height"":228}","{}"
image_0_462.png,149648,"{}",1,0,"{""name"":""rect"",""x"":14,""y"":8,""width"":297,""height"":226}","{}"
image_0_464.png,121443,"{}",1,0,"{""name"":""rect"",""x"":94,""y"":9,""width"":176,""height"":184}","{}"
image_0_465.png,195150,"{}",1,0,"{""name"":""rect"",""x"":37,""y"":94,""width"":237,""height"":134}","{}"
image_0_475.png,70348,"{}",1,0,"{""name"":""rect"",""x"":56,""y"":24,""width"":95,""height"":103}","{}"
image_0_482.png,157983,"{}",1,0,"{""name"":""rect"",""x"":28,""y"":39,""width"":179,""height"":185}","{}"
image_0_489.png,103006,"{}",1,0,"{""name"":""rect"",""x"":19,""y"":17,""width"":198,""height"":192}","{}"
image_0_494.png,276739,"{}",1,0,"{""name"":""rect"",""x"":63,""y"":13,""width"":127,""height"":119}","{}"
image_0_497.png,238919,"{}",1,0,"{""name"":""rect"",""x"":128,""y"":118,""width"":190,""height"":84}","{}"
image_0_498.png,113074,"{}",1,0,"{""name"":""rect"",""x"":199,""y"":97,""width"":123,""height"":78}","{}"
image_0_504.png,167660,"{}",1,0,"{""name"":""rect"",""x"":91,""y"":34,""width"":106,""height"":112}","{}"
image_0_510.png,141457,"{}",1,0,"{""name"":""rect"",""x"":90,""y"":30,""width"":192,""height"":204}","{}"
image_0_511.png,68977,"{}",1,0,"{""name"":""rect"",""x"":37,""y"":24,""width"":193,""height"":194}","{}"
image_0_525.png,267007,"{}",1,0,"{""name"":""rect"",""x"":94,""y"":17,""width"":344,""height"":265}","{}"
image_0_532.png,86828,"{}",1,0,"{""name"":""rect"",""x"":18,""y"":30,""width"":204,""height"":167}","{}"
image_0_555.png,139472,"{}",1,0,"{""name"":""rect"",""x"":118,""y"":108,""width"":104,""height"":83}","{}"
image_0_564.png,90657,"{}",1,0,"{""name"":""rect"",""x"":50,""y"":35,""width"":168,""height"":185}","{}"
image_0_569.png,110141,"{}",1,0,"{""name"":""rect"",""x"":98,""y"":14,""width"":207,""height"":205}","{}"
image_0_575.png,73354,"{}",1,0,"{""name"":""rect"",""x"":28,""y"":35,""width"":118,""height"":135}","{}"
image_0_585.png,179712,"{}",1,0,"{""name"":""rect"",""x"":157,""y"":84,""width"":160,""height"":147}","{}"
image_0_589.png,85289,"{}",1,0,"{""name"":""rect"",""x"":108,""y"":24,""width"":76,""height"":94}","{}"
image_0_609.png,105246,"{}",1,0,"{""name"":""rect"",""x"":19,""y"":22,""width"":210,""height"":190}","{}"
image_0_610.png,149575,"{}",1,0,"{""name"":""rect"",""x"":48,""y"":37,""width"":270,""height"":191}","{}"
image_0_612.png,142263,"{}",1,0,"{""name"":""rect"",""x"":46,""y"":42,""width"":204,""height"":182}","{}"
image_0_617.png,128739,"{}",1,0,"{""name"":""rect"",""x"":21,""y"":11,""width"":197,""height"":209}","{}"
image_0_621.png,168299,"{}",1,0,"{""name"":""rect"",""x"":84,""y"":53,""width"":168,""height"":139}","{}"
image_0_633.png,187840,"{}",1,0,"{""name"":""rect"",""x"":281,""y"":157,""width"":168,""height"":132}","{}"
image_0_639.png,106076,"{}",1,0,"{""name"":""rect"",""x"":58,""y"":18,""width"":199,""height"":174}","{}"
image_0_642.png,49004,"{}",1,0,"{""name"":""rect"",""x"":23,""y"":31,""width"":83,""height"":137}","{}"
image_0_644.png,186686,"{}",1,0,"{""name"":""rect"",""x"":36,""y"":10,""width"":414,""height"":316}","{}"
image_0_645.png,91075,"{}",1,0,"{""name"":""rect"",""x"":106,""y"":71,""width"":95,""height"":74}","{}"
image_0_649.png,256627,"{}",1,0,"{""name"":""rect"",""x"":188,""y"":42,""width"":202,""height"":321}","{}"
image_0_652.png,86075,"{}",1,0,"{""name"":""rect"",""x"":22,""y"":52,""width"":137,""height"":178}","{}"
image_0_654.png,93289,"{}",1,0,"{""name"":""rect"",""x"":28,""y"":13,""width"":200,""height"":178}","{}"
image_0_664.png,322897,"{}",1,0,"{""name"":""rect"",""x"":78,""y"":11,""width"":342,""height"":359}","{}"
image_0_666.png,111216,"{}",1,0,"{""name"":""rect"",""x"":58,""y"":25,""width"":212,""height"":195}","{}"
image_0_667.png,185381,"{}",1,0,"{""name"":""rect"",""x"":193,""y"":46,""width"":201,""height"":206}","{}"
image_0_668.png,56285,"{}",1,0,"{""name"":""rect"",""x"":22,""y"":92,""width"":105,""height"":122}","{}"
image_0_673.png,275892,"{}",1,0,"{""name"":""rect"",""x"":159,""y"":46,""width"":204,""height"":192}","{}"
image_0_675.png,369636,"{}",1,0,"{""name"":""rect"",""x"":30,""y"":154,""width"":327,""height"":227}","{}"
image_0_684.png,322355,"{}",1,0,"{""name"":""rect"",""x"":76,""y"":16,""width"":399,""height"":286}","{}"
image_0_693.png,93596,"{}",1,0,"{""name"":""rect"",""x"":49,""y"":44,""width"":169,""height"":134}","{}"
image_0_704.png,126982,"{}",1,0,"{""name"":""rect"",""x"":65,""y"":0,""width"":202,""height"":202}","{}"
image_0_713.png,277817,"{}",1,0,"{""name"":""rect"",""x"":54,""y"":41,""width"":260,""height"":203}","{}"
image_0_716.png,115953,"{}",1,0,"{""name"":""rect"",""x"":51,""y"":29,""width"":171,""height"":175}","{}"
image_0_723.png,310670,"{}",1,0,"{""name"":""rect"",""x"":17,""y"":0,""width"":361,""height"":277}","{}"
image_0_728.png,323773,"{}",1,0,"{""name"":""rect"",""x"":46,""y"":15,""width"":381,""height"":256}","{}"
image_0_729.png,159958,"{}",1,0,"{""name"":""rect"",""x"":17,""y"":6,""width"":261,""height"":220}","{}"
image_0_734.png,61304,"{}",1,0,"{""name"":""rect"",""x"":31,""y"":19,""width"":119,""height"":167}","{}"
image_0_737.png,89025,"{}",1,0,"{""name"":""rect"",""x"":30,""y"":26,""width"":180,""height"":171}","{}"
image_0_739.png,87615,"{}",1,0,"{""name"":""rect"",""x"":112,""y"":72,""width"":120,""height"":154}","{}"
image_0_741.png,56743,"{}",1,0,"{""name"":""rect"",""x"":35,""y"":8,""width"":75,""height"":59}","{}"
image_0_749.png,143540,"{}",1,0,"{""name"":""rect"",""x"":64,""y"":4,""width"":196,""height"":218}","{}"
image_0_752.png,117172,"{}",1,0,"{""name"":""rect"",""x"":94,""y"":37,""width"":184,""height"":157}","{}"
image_0_755.png,132514,"{}",1,0,"{""name"":""rect"",""x"":52,""y"":19,""width"":212,""height"":196}","{}"
image_0_759.png,178287,"{}",1,0,"{""name"":""rect"",""x"":158,""y"":75,""width"":108,""height"":119}","{}"
image_0_785.png,253712,"{}",1,0,"{""name"":""rect"",""x"":94,""y"":26,""width"":329,""height"":296}","{}"
image_0_786.png,60079,"{}",1,0,"{""name"":""rect"",""x"":94,""y"":52,""width"":128,""height"":115}","{}"
image_0_792.png,207401,"{}",1,0,"{""name"":""rect"",""x"":46,""y"":58,""width"":382,""height"":221}","{}"
image_0_801.png,145878,"{}",1,0,"{""name"":""rect"",""x"":28,""y"":16,""width"":222,""height"":200}","{}"
image_0_815.png,162233,"{}",1,0,"{""name"":""rect"",""x"":49,""y"":11,""width"":201,""height"":189}","{}"
image_0_820.png,102422,"{}",1,0,"{""name"":""rect"",""x"":26,""y"":13,""width"":139,""height"":152}","{}"
image_0_835.png,253073,"{}",1,0,"{""name"":""rect"",""x"":248,""y"":120,""width"":104,""height"":94}","{}"
image_0_840.png,237051,"{}",1,0,"{""name"":""rect"",""x"":136,""y"":58,""width"":219,""height"":188}","{}"
image_0_847.png,95738,"{}",1,0,"{""name"":""rect"",""x"":25,""y"":43,""width"":195,""height"":145}","{}"
image_0_864.png,238000,"{}",1,0,"{""name"":""rect"",""x"":150,""y"":200,""width"":160,""height"":114}","{}"
image_0_875.png,159126,"{}",1,0,"{""name"":""rect"",""x"":10,""y"":7,""width"":282,""height"":232}","{}"
image_0_877.png,136029,"{}",1,0,"{""name"":""rect"",""x"":114,""y"":75,""width"":92,""height"":95}","{}"
image_0_879.png,140179,"{}",1,0,"{""name"":""rect"",""x"":39,""y"":3,""width"":245,""height"":230}","{}"
image_0_886.png,102104,"{}",1,0,"{""name"":""rect"",""x"":10,""y"":9,""width"":190,""height"":201}","{}"
image_0_895.png,106649,"{}",1,0,"{""name"":""rect"",""x"":24,""y"":6,""width"":266,""height"":194}","{}"
image_0_905.png,173638,"{}",1,0,"{""name"":""rect"",""x"":127,""y"":7,""width"":263,""height"":272}","{}"
image_0_917.png,78888,"{}",1,0,"{""name"":""rect"",""x"":19,""y"":26,""width"":205,""height"":191}","{}"
image_0_920.png,112258,"{}",1,0,"{""name"":""rect"",""x"":129,""y"":26,""width"":167,""height"":150}","{}"
image_0_929.png,84603,"{}",1,0,"{""name"":""rect"",""x"":31,""y"":14,""width"":145,""height"":221}","{}"
image_0_932.png,104124,"{}",1,0,"{""name"":""rect"",""x"":39,""y"":26,""width"":191,""height"":210}","{}"
image_0_933.png,239361,"{}",1,0,"{""name"":""rect"",""x"":294,""y"":126,""width"":128,""height"":100}","{}"
image_0_935.png,78409,"{}",1,0,"{""name"":""rect"",""x"":41,""y"":28,""width"":184,""height"":194}","{}"
image_0_950.png,160629,"{}",1,0,"{""name"":""rect"",""x"":49,""y"":22,""width"":203,""height"":192}","{}"
image_0_951.png,126266,"{}",1,0,"{""name"":""rect"",""x"":72,""y"":34,""width"":198,""height"":180}","{}"
image_0_952.png,162483,"{}",1,0,"{""name"":""rect"",""x"":50,""y"":66,""width"":122,""height"":58}","{}"
image_0_963.png,329519,"{}",1,0,"{""name"":""rect"",""x"":155,""y"":91,""width"":111,""height"":143}","{}"
image_0_970.png,63727,"{}",1,0,"{""name"":""rect"",""x"":6,""y"":15,""width"":128,""height"":132}","{}"
image_0_977.png,69510,"{}",1,0,"{""name"":""rect"",""x"":142,""y"":54,""width"":80,""height"":81}","{}"
image_0_980.png,70184,"{}",1,0,"{""name"":""rect"",""x"":18,""y"":132,""width"":118,""height"":90}","{}"
image_0_981.png,123750,"{}",1,0,"{""name"":""rect"",""x"":26,""y"":25,""width"":181,""height"":152}","{}"
image_0_983.png,98012,"{}",1,0,"{""name"":""rect"",""x"":46,""y"":98,""width"":117,""height"":84}","{}"
image_0_985.png,149465,"{}",1,0,"{""name"":""rect"",""x"":14,""y"":35,""width"":256,""height"":191}","{}"
image_0_988.png,197218,"{}",1,0,"{""name"":""rect"",""x"":74,""y"":2,""width"":109,""height"":100}","{}"
image_0_997.png,170704,"{}",1,0,"{""name"":""rect"",""x"":15,""y"":18,""width"":262,""height"":211}","{}"
image_1_13.png,302577,"{}",1,0,"{""name"":""rect"",""x"":57,""y"":10,""width"":412,""height"":350}","{}"
image_1_15.png,136673,"{}",1,0,"{""name"":""rect"",""x"":27,""y"":26,""width"":263,""height"":214}","{}"
image_1_16.png,47379,"{}",1,0,"{""name"":""rect"",""x"":18,""y"":55,""width"":154,""height"":151}","{}"
image_1_24.png,194348,"{}",1,0,"{""name"":""rect"",""x"":85,""y"":170,""width"":412,""height"":156}","{}"
image_1_26.png,228782,"{}",1,0,"{""name"":""rect"",""x"":54,""y"":182,""width"":128,""height"":106}","{}"
image_1_43.png,49448,"{}",1,0,"{""name"":""rect"",""x"":39,""y"":18,""width"":171,""height"":196}","{}"
image_1_44.png,114759,"{}",1,0,"{""name"":""rect"",""x"":74,""y"":72,""width"":175,""height"":66}","{}"
image_1_45.png,36567,"{}",1,0,"{""name"":""rect"",""x"":23,""y"":58,""width"":133,""height"":138}","{}"
image_1_47.png,53025,"{}",1,0,"{""name"":""rect"",""x"":53,""y"":14,""width"":137,""height"":145}","{}"
image_1_66.png,78918,"{}",1,0,"{""name"":""rect"",""x"":38,""y"":25,""width"":247,""height"":142}","{}"
image_1_97.png,107473,"{}",1,0,"{""name"":""rect"",""x"":107,""y"":139,""width"":142,""height"":80}","{}"
image_1_99.png,92459,"{}",1,0,"{""name"":""rect"",""x"":121,""y"":121,""width"":370,""height"":197}","{}"
image_1_102.png,76796,"{}",1,0,"{""name"":""rect"",""x"":89,""y"":86,""width"":57,""height"":79}","{}"
image_1_114.png,273651,"{}",1,0,"{""name"":""rect"",""x"":118,""y"":117,""width"":238,""height"":192}","{}"
image_1_121.png,242015,"{}",1,0,"{""name"":""rect"",""x"":14,""y"":31,""width"":316,""height"":178}","{}"
image_1_128.png,202020,"{}",1,0,"{""name"":""rect"",""x"":258,""y"":130,""width"":187,""height"":97}","{}"
image_1_129.png,99290,"{}",1,0,"{""name"":""rect"",""x"":8,""y"":49,""width"":152,""height"":73}","{}"
image_1_131.png,107775,"{}",1,0,"{""name"":""rect"",""x"":12,""y"":14,""width"":269,""height"":176}","{}"
image_1_140.png,139009,"{}",1,0,"{""name"":""rect"",""x"":36,""y"":29,""width"":176,""height"":197}","{}"
image_1_170.png,43058,"{}",1,0,"{""name"":""rect"",""x"":30,""y"":94,""width"":142,""height"":73}","{}"
image_1_192.png,216656,"{}",1,0,"{""name"":""rect"",""x"":114,""y"":64,""width"":281,""height"":235}","{}"
image_1_218.png,36580,"{}",1,0,"{""name"":""rect"",""x"":35,""y"":10,""width"":97,""height"":132}","{}"
image_1_235.png,257825,"{}",1,0,"{""name"":""rect"",""x"":250,""y"":47,""width"":169,""height"":139}","{}"
image_1_240.png,72444,"{}",0,0,"{""name"":""rect"",""x"":7,""y"":2,""width"":428,""height"":295}","{}"
image_1_250.png,56497,"{}",0,0,"{""name"":""rect"",""x"":7,""y"":2,""width"":428,""height"":295}","{}"
image_1_252.png,81079,"{}",1,0,"{""name"":""rect"",""x"":17,""y"":17,""width"":190,""height"":191}","{}"
image_1_253.png,109037,"{}",1,0,"{""name"":""rect"",""x"":118,""y"":82,""width"":68,""height"":59}","{}"
image_1_254.png,220494,"{}",1,0,"{""name"":""rect"",""x"":34,""y"":22,""width"":457,""height"":199}","{}"
image_1_266.png,149012,"{}",1,0,"{""name"":""rect"",""x"":10,""y"":27,""width"":303,""height"":203}","{}"
image_1_273.png,112729,"{}",1,0,"{""name"":""rect"",""x"":63,""y"":93,""width"":213,""height"":89}","{}"
image_1_284.png,138725,"{}",1,0,"{""name"":""rect"",""x"":29,""y"":5,""width"":264,""height"":257}","{}"
image_1_288.png,196571,"{}",1,0,"{""name"":""rect"",""x"":69,""y"":29,""width"":367,""height"":207}","{}"
image_1_310.png,72771,"{}",1,0,"{""name"":""rect"",""x"":66,""y"":31,""width"":125,""height"":115}","{}"
image_1_311.png,143224,"{}",1,0,"{""name"":""rect"",""x"":11,""y"":15,""width"":212,""height"":213}","{}"
image_1_318.png,186076,"{}",1,0,"{""name"":""rect"",""x"":122,""y"":74,""width"":166,""height"":179}","{}"
image_1_326.png,59220,"{}",1,0,"{""name"":""rect"",""x"":6,""y"":38,""width"":170,""height"":167}","{}"
image_1_396.png,56192,"{}",1,0,"{""name"":""rect"",""x"":2,""y"":31,""width"":152,""height"":123}","{}"
image_1_416.png,252964,"{}",1,0,"{""name"":""rect"",""x"":70,""y"":74,""width"":294,""height"":256}","{}"
image_1_432.png,85502,"{}",1,0,"{""name"":""rect"",""x"":50,""y"":14,""width"":221,""height"":216}","{}"
image_1_441.png,128481,"{}",1,0,"{""name"":""rect"",""x"":87,""y"":46,""width"":160,""height"":163}","{}"
image_1_448.png,175190,"{}",1,0,"{""name"":""rect"",""x"":261,""y"":44,""width"":205,""height"":200}","{}"
image_1_452.png,90751,"{}",1,0,"{""name"":""rect"",""x"":54,""y"":18,""width"":209,""height"":188}","{}"
image_1_455.png,229780,"{}",1,0,"{""name"":""rect"",""x"":0,""y"":35,""width"":465,""height"":264}","{}"
image_1_463.png,94557,"{}",1,0,"{""name"":""rect"",""x"":17,""y"":21,""width"":182,""height"":186}","{}"
image_1_484.png,144756,"{}",1,0,"{""name"":""rect"",""x"":33,""y"":38,""width"":251,""height"":173}","{}"
image_1_486.png,307646,"{}",1,0,"{""name"":""rect"",""x"":21,""y"":92,""width"":114,""height"":102}","{}"
image_1_496.png,344320,"{}",1,0,"{""name"":""rect"",""x"":88,""y"":73,""width"":202,""height"":178}","{}"
image_1_503.png,87579,"{}",1,0,"{""name"":""rect"",""x"":102,""y"":12,""width"":258,""height"":253}","{}"
image_1_565.png,78835,"{}",1,0,"{""name"":""rect"",""x"":13,""y"":25,""width"":170,""height"":213}","{}"
image_1_567.png,351051,"{}",1,0,"{""name"":""rect"",""x"":274,""y"":93,""width"":195,""height"":228}","{}"
image_1_594.png,85406,"{}",1,0,"{""name"":""rect"",""x"":37,""y"":16,""width"":177,""height"":163}","{}"
image_1_597.png,96890,"{}",1,0,"{""name"":""rect"",""x"":60,""y"":13,""width"":176,""height"":173}","{}"
image_1_599.png,95658,"{}",1,0,"{""name"":""rect"",""x"":18,""y"":26,""width"":170,""height"":136}","{}"
image_1_674.png,171553,"{}",1,0,"{""name"":""rect"",""x"":85,""y"":25,""width"":193,""height"":198}","{}"
image_1_678.png,389815,"{}",1,0,"{""name"":""rect"",""x"":78,""y"":98,""width"":376,""height"":338}","{}"
image_1_690.png,68398,"{}",1,0,"{""name"":""rect"",""x"":82,""y"":14,""width"":151,""height"":188}","{}"
image_1_710.png,127682,"{}",1,0,"{""name"":""rect"",""x"":3,""y"":2,""width"":271,""height"":236}","{}"
image_1_714.png,52194,"{}",1,0,"{""name"":""rect"",""x"":178,""y"":109,""width"":227,""height"":144}","{}"
image_1_721.png,453015,"{}",1,0,"{""name"":""rect"",""x"":158,""y"":72,""width"":164,""height"":199}","{}"
image_1_725.png,195580,"{}",1,0,"{""name"":""rect"",""x"":193,""y"":101,""width"":207,""height"":142}","{}"
image_1_744.png,237988,"{}",1,0,"{""name"":""rect"",""x"":83,""y"":107,""width"":196,""height"":157}","{}"
image_1_747.png,297365,"{}",1,0,"{""name"":""rect"",""x"":70,""y"":62,""width"":338,""height"":288}","{}"
image_1_751.png,101727,"{}",1,0,"{""name"":""rect"",""x"":75,""y"":6,""width"":239,""height"":199}","{}"
image_1_758.png,93201,"{}",1,0,"{""name"":""rect"",""x"":36,""y"":27,""width"":174,""height"":179}","{}"
image_1_778.png,91624,"{}",1,0,"{""name"":""rect"",""x"":27,""y"":26,""width"":190,""height"":202}","{}"
image_1_790.png,187772,"{}",1,0,"{""name"":""rect"",""x"":54,""y"":1,""width"":248,""height"":361}","{}"
image_1_833.png,75336,"{}",1,0,"{""name"":""rect"",""x"":72,""y"":13,""width"":215,""height"":187}","{}"
image_1_845.png,113283,"{}",1,0,"{""name"":""rect"",""x"":10,""y"":6,""width"":221,""height"":217}","{}"
image_1_869.png,270860,"{}",1,0,"{""name"":""rect"",""x"":63,""y"":6,""width"":379,""height"":353}","{}"
image_1_880.png,156521,"{}",1,0,"{""name"":""rect"",""x"":23,""y"":44,""width"":255,""height"":215}","{}"
image_1_884.png,42384,"{}",1,0,"{""name"":""rect"",""x"":26,""y"":18,""width"":199,""height"":198}","{}"
image_1_897.png,109004,"{}",1,0,"{""name"":""rect"",""x"":23,""y"":14,""width"":271,""height"":145}","{}"
image_1_919.png,54577,"{}",1,0,"{""name"":""rect"",""x"":46,""y"":14,""width"":133,""height"":100}","{}"
image_1_928.png,129554,"{}",1,0,"{""name"":""rect"",""x"":10,""y"":63,""width"":234,""height"":191}","{}"
image_1_934.png,256291,"{}",1,0,"{""name"":""rect"",""x"":153,""y"":74,""width"":209,""height"":188}","{}"
image_1_937.png,94474,"{}",1,0,"{""name"":""rect"",""x"":22,""y"":0,""width"":241,""height"":192}","{}"
image_1_976.png,64577,"{}",1,0,"{""name"":""rect"",""x"":37,""y"":7,""width"":146,""height"":175}","{}"
image_1_979.png,297375,"{}",1,0,"{""name"":""rect"",""x"":13,""y"":39,""width"":468,""height"":295}","{}"
image_1_995.png,136259,"{}",1,0,"{""name"":""rect"",""x"":23,""y"":10,""width"":283,""height"":196}","{}"
image_2_55.png,150598,"{}",1,0,"{""name"":""rect"",""x"":130,""y"":37,""width"":321,""height"":157}","{}"
image_2_217.png,91390,"{}",1,0,"{""name"":""rect"",""x"":42,""y"":2,""width"":266,""height"":200}","{}"
image_2_241.png,236789,"{}",1,0,"{""name"":""rect"",""x"":21,""y"":10,""width"":427,""height"":260}","{}"
image_2_260.png,41677,"{}",1,0,"{""name"":""rect"",""x"":20,""y"":61,""width"":133,""height"":143}","{}"
image_2_267.png,83348,"{}",1,0,"{""name"":""rect"",""x"":49,""y"":33,""width"":231,""height"":190}","{}"
image_2_346.png,62098,"{}",1,0,"{""name"":""rect"",""x"":22,""y"":14,""width"":175,""height"":182}","{}"
image_2_352.png,59414,"{}",1,0,"{""name"":""rect"",""x"":34,""y"":50,""width"":122,""height"":148}","{}"
image_2_466.png,91762,"{}",1,0,"{""name"":""rect"",""x"":45,""y"":35,""width"":245,""height"":153}","{}"
image_2_516.png,196185,"{}",1,0,"{""name"":""rect"",""x"":124,""y"":62,""width"":248,""height"":192}","{}"
image_2_783.png,284364,"{}",1,0,"{""name"":""rect"",""x"":126,""y"":20,""width"":276,""height"":190}","{}"
image_2_836.png,100868,"{}",1,0,"{""name"":""rect"",""x"":75,""y"":6,""width"":195,""height"":142}","{}"
image_2_843.png,96217,"{}",1,0,"{""name"":""rect"",""x"":75,""y"":8,""width"":188,""height"":181}","{}"
image_2_873.png,104251,"{}",1,0,"{""name"":""rect"",""x"":39,""y"":6,""width"":240,""height"":141}","{}"
image_2_941.png,103934,"{}",1,0,"{""name"":""rect"",""x"":11,""y"":41,""width"":289,""height"":123}","{}"
image_2_958.png,215102,"{}",1,0,"{""name"":""rect"",""x"":38,""y"":18,""width"":375,""height"":272}","{}"
image_2_967.png,218430,"{}",1,0,"{""name"":""rect"",""x"":38,""y"":62,""width"":418,""height"":250}","{}"
image_2_971.png,280799,"{}",1,0,"{""name"":""rect"",""x"":43,""y"":26,""width"":406,""height"":327}","{}"
image_2_975.png,75431,"{}",1,0,"{""name"":""rect"",""x"":43,""y"":15,""width"":262,""height"":207}","{}"
image_2_987.png,263140,"{}",1,0,"{""name"":""rect"",""x"":63,""y"":48,""width"":417,""height"":234}","{}"
image_2_989.png,270962,"{}",1,0,"{""name"":""rect"",""x"":47,""y"":66,""width"":416,""height"":244}","{}"
image_2_993.png,240027,"{}",1,0,"{""name"":""rect"",""x"":79,""y"":37,""width"":332,""height"":315}","{}"
image_2_996.png,69328,"{}",1,0,"{""name"":""rect"",""x"":47,""y"":27,""width"":116,""height"":127}","{}"
image_3_1.png,81368,"{}",1,0,"{""name"":""rect"",""x"":36,""y"":1,""width"":244,""height"":210}","{}"
image_3_2.png,161976,"{}",1,0,"{""name"":""rect"",""x"":133,""y"":32,""width"":169,""height"":158}","{}"
image_3_10.png,87793,"{}",1,0,"{""name"":""rect"",""x"":51,""y"":17,""width"":51,""height"":49}","{}"
image_3_18.png,120792,"{}",1,0,"{""name"":""rect"",""x"":93,""y"":2,""width"":165,""height"":166}","{}"
image_3_19.png,116550,"{}",1,0,"{""name"":""rect"",""x"":27,""y"":38,""width"":163,""height"":160}","{}"
image_3_22.png,95380,"{}",1,0,"{""name"":""rect"",""x"":24,""y"":22,""width"":188,""height"":207}","{}"
image_3_41.png,112859,"{}",1,0,"{""name"":""rect"",""x"":76,""y"":14,""width"":205,""height"":223}","{}"
image_3_48.png,135624,"{}",1,0,"{""name"":""rect"",""x"":29,""y"":38,""width"":215,""height"":189}","{}"
image_3_69.png,376336,"{}",1,0,"{""name"":""rect"",""x"":60,""y"":12,""width"":379,""height"":337}","{}"
image_3_76.png,148120,"{}",1,0,"{""name"":""rect"",""x"":64,""y"":30,""width"":207,""height"":202}","{}"
image_3_77.png,171724,"{}",1,0,"{""name"":""rect"",""x"":17,""y"":20,""width"":189,""height"":142}","{}"
image_3_85.png,161801,"{}",1,0,"{""name"":""rect"",""x"":97,""y"":39,""width"":176,""height"":128}","{}"
image_3_88.png,162392,"{}",1,0,"{""name"":""rect"",""x"":13,""y"":49,""width"":161,""height"":157}","{}"
image_3_95.png,160272,"{}",1,0,"{""name"":""rect"",""x"":22,""y"":36,""width"":202,""height"":173}","{}"
image_3_107.png,322573,"{}",1,0,"{""name"":""rect"",""x"":111,""y"":28,""width"":293,""height"":298}","{}"
image_3_120.png,126179,"{}",1,0,"{""name"":""rect"",""x"":7,""y"":88,""width"":119,""height"":83}","{}"
image_3_135.png,153547,"{}",1,0,"{""name"":""rect"",""x"":40,""y"":12,""width"":245,""height"":218}","{}"
image_3_137.png,314988,"{}",1,0,"{""name"":""rect"",""x"":7,""y"":174,""width"":485,""height"":146}","{}"
image_3_142.png,168461,"{}",1,0,"{""name"":""rect"",""x"":26,""y"":18,""width"":280,""height"":207}","{}"
image_3_147.png,156494,"{}",1,0,"{""name"":""rect"",""x"":38,""y"":2,""width"":211,""height"":224}","{}"
image_3_149.png,116095,"{}",1,0,"{""name"":""rect"",""x"":186,""y"":69,""width"":120,""height"":136}","{}"
image_3_159.png,190960,"{}",1,0,"{""name"":""rect"",""x"":59,""y"":70,""width"":183,""height"":116}","{}"
image_3_163.png,264461,"{}",1,0,"{""name"":""rect"",""x"":86,""y"":42,""width"":308,""height"":225}","{}"
image_3_165.png,153836,"{}",1,0,"{""name"":""rect"",""x"":51,""y"":12,""width"":259,""height"":187}","{}"
image_3_166.png,124388,"{}",1,0,"{""name"":""rect"",""x"":114,""y"":33,""width"":176,""height"":169}","{}"
image_3_173.png,109898,"{}",1,0,"{""name"":""rect"",""x"":9,""y"":98,""width"":124,""height"":132}","{}"
image_3_174.png,130260,"{}",1,0,"{""name"":""rect"",""x"":91,""y"":66,""width"":125,""height"":84}","{}"
image_3_179.png,151635,"{}",1,0,"{""name"":""rect"",""x"":10,""y"":12,""width"":306,""height"":185}","{}"
image_3_181.png,138362,"{}",1,0,"{""name"":""rect"",""x"":11,""y"":54,""width"":271,""height"":137}","{}"
image_3_188.png,155270,"{}",1,0,"{""name"":""rect"",""x"":66,""y"":73,""width"":136,""height"":108}","{}"
image_3_211.png,172856,"{}",1,0,"{""name"":""rect"",""x"":64,""y"":6,""width"":221,""height"":215}","{}"
image_3_215.png,251607,"{}",1,0,"{""name"":""rect"",""x"":126,""y"":79,""width"":232,""height"":203}","{}"
image_3_216.png,130988,"{}",0,0,"{""name"":""rect"",""x"":7,""y"":2,""width"":428,""height"":295}","{}"
image_3_222.png,175755,"{}",1,0,"{""name"":""rect"",""x"":21,""y"":5,""width"":289,""height"":234}","{}"
image_3_230.png,95497,"{}",1,0,"{""name"":""rect"",""x"":25,""y"":31,""width"":127,""height"":121}","{}"
image_3_232.png,249318,"{}",1,0,"{""name"":""rect"",""x"":246,""y"":67,""width"":229,""height"":238}","{}"
image_3_239.png,83072,"{}",1,0,"{""name"":""rect"",""x"":32,""y"":110,""width"":80,""height"":103}","{}"
image_3_263.png,170920,"{}",0,0,"{""name"":""rect"",""x"":7,""y"":2,""width"":428,""height"":295}","{}"
image_3_272.png,268666,"{}",1,0,"{""name"":""rect"",""x"":18,""y"":88,""width"":452,""height"":180}","{}"
image_3_279.png,315146,"{}",1,0,"{""name"":""rect"",""x"":35,""y"":23,""width"":388,""height"":263}","{}"
image_3_280.png,178321,"{}",1,0,"{""name"":""rect"",""x"":16,""y"":2,""width"":264,""height"":240}","{}"
image_3_292.png,73630,"{}",1,0,"{""name"":""rect"",""x"":23,""y"":84,""width"":58,""height"":95}","{}"
image_3_293.png,158630,"{}",1,0,"{""name"":""rect"",""x"":1,""y"":25,""width"":288,""height"":194}","{}"
image_3_308.png,303385,"{}",1,0,"{""name"":""rect"",""x"":129,""y"":0,""width"":314,""height"":310}","{}"
image_3_339.png,68764,"{}",0,0,"{""name"":""rect"",""x"":7,""y"":2,""width"":428,""height"":295}","{}"
image_3_348.png,85590,"{}",1,0,"{""name"":""rect"",""x"":24,""y"":114,""width"":124,""height"":95}","{}"
image_3_350.png,159370,"{}",1,0,"{""name"":""rect"",""x"":20,""y"":6,""width"":269,""height"":203}","{}"
image_3_353.png,121528,"{}",1,0,"{""name"":""rect"",""x"":123,""y"":11,""width"":180,""height"":192}","{}"
image_3_357.png,135082,"{}",1,0,"{""name"":""rect"",""x"":26,""y"":24,""width"":274,""height"":156}","{}"
image_3_369.png,106564,"{}",1,0,"{""name"":""rect"",""x"":18,""y"":10,""width"":219,""height"":224}","{}"
image_3_374.png,140943,"{}",1,0,"{""name"":""rect"",""x"":27,""y"":9,""width"":283,""height"":169}","{}"
image_3_378.png,168223,"{}",1,0,"{""name"":""rect"",""x"":20,""y"":7,""width"":287,""height"":221}","{}"
image_3_382.png,123240,"{}",1,0,"{""name"":""rect"",""x"":13,""y"":87,""width"":295,""height"":139}","{}"
image_3_388.png,157072,"{}",1,0,"{""name"":""rect"",""x"":46,""y"":6,""width"":254,""height"":223}","{}"
image_3_393.png,140444,"{}",1,0,"{""name"":""rect"",""x"":52,""y"":0,""width"":261,""height"":238}","{}"
image_3_402.png,157715,"{}",1,0,"{""name"":""rect"",""x"":74,""y"":38,""width"":134,""height"":108}","{}"
image_3_408.png,108108,"{}",1,0,"{""name"":""rect"",""x"":19,""y"":6,""width"":157,""height"":220}","{}"
image_3_409.png,282523,"{}",1,0,"{""name"":""rect"",""x"":87,""y"":10,""width"":370,""height"":295}","{}"
image_3_414.png,130038,"{}",1,0,"{""name"":""rect"",""x"":35,""y"":44,""width"":261,""height"":111}","{}"
image_3_436.png,235227,"{}",1,0,"{""name"":""rect"",""x"":29,""y"":27,""width"":425,""height"":342}","{}"
image_3_437.png,370010,"{}",1,0,"{""name"":""rect"",""x"":7,""y"":86,""width"":489,""height"":176}","{}"
image_3_447.png,104112,"{}",1,0,"{""name"":""rect"",""x"":72,""y"":50,""width"":106,""height"":114}","{}"
image_3_450.png,91891,"{}",1,0,"{""name"":""rect"",""x"":22,""y"":28,""width"":116,""height"":106}","{}"
image_3_456.png,140200,"{}",1,0,"{""name"":""rect"",""x"":53,""y"":8,""width"":170,""height"":186}","{}"
image_3_460.png,328286,"{}",1,0,"{""name"":""rect"",""x"":154,""y"":103,""width"":328,""height"":219}","{}"
image_3_467.png,138355,"{}",1,0,"{""name"":""rect"",""x"":25,""y"":6,""width"":236,""height"":203}","{}"
image_3_473.png,264645,"{}",1,0,"{""name"":""rect"",""x"":16,""y"":25,""width"":388,""height"":308}","{}"
image_3_478.png,183037,"{}",1,0,"{""name"":""rect"",""x"":23,""y"":1,""width"":286,""height"":227}","{}"
image_3_493.png,377574,"{}",1,0,"{""name"":""rect"",""x"":50,""y"":47,""width"":360,""height"":266}","{}"
image_3_501.png,72120,"{}",1,0,"{""name"":""rect"",""x"":30,""y"":91,""width"":112,""height"":117}","{}"
image_3_518.png,143242,"{}",1,0,"{""name"":""rect"",""x"":17,""y"":11,""width"":205,""height"":211}","{}"
image_3_519.png,299655,"{}",1,0,"{""name"":""rect"",""x"":18,""y"":10,""width"":459,""height"":315}","{}"
image_3_529.png,93360,"{}",1,0,"{""name"":""rect"",""x"":49,""y"":38,""width"":89,""height"":45}","{}"
image_3_530.png,135185,"{}",1,0,"{""name"":""rect"",""x"":89,""y"":28,""width"":208,""height"":150}","{}"
image_3_541.png,91762,"{}",1,0,"{""name"":""rect"",""x"":30,""y"":18,""width"":180,""height"":179}","{}"
image_3_543.png,81111,"{}",1,0,"{""name"":""rect"",""x"":18,""y"":40,""width"":126,""height"":171}","{}"
image_3_547.png,229397,"{}",1,0,"{""name"":""rect"",""x"":81,""y"":30,""width"":259,""height"":252}","{}"
image_3_551.png,123614,"{}",1,0,"{""name"":""rect"",""x"":10,""y"":5,""width"":268,""height"":189}","{}"
image_3_552.png,135754,"{}",1,0,"{""name"":""rect"",""x"":24,""y"":10,""width"":190,""height"":156}","{}"
image_3_556.png,170242,"{}",1,0,"{""name"":""rect"",""x"":50,""y"":34,""width"":166,""height"":127}","{}"
image_3_557.png,197873,"{}",1,0,"{""name"":""rect"",""x"":6,""y"":5,""width"":279,""height"":229}","{}"
image_3_561.png,175865,"{}",1,0,"{""name"":""rect"",""x"":31,""y"":42,""width"":269,""height"":177}","{}"
image_3_566.png,188095,"{}",1,0,"{""name"":""rect"",""x"":35,""y"":14,""width"":257,""height"":208}","{}"
image_3_572.png,371954,"{}",1,0,"{""name"":""rect"",""x"":198,""y"":21,""width"":251,""height"":246}","{}"
image_3_591.png,105567,"{}",1,0,"{""name"":""rect"",""x"":38,""y"":17,""width"":172,""height"":216}","{}"
image_3_605.png,145548,"{}",1,0,"{""name"":""rect"",""x"":90,""y"":2,""width"":204,""height"":208}","{}"
image_3_606.png,119739,"{}",1,0,"{""name"":""rect"",""x"":69,""y"":23,""width"":175,""height"":157}","{}"
image_3_619.png,166539,"{}",1,0,"{""name"":""rect"",""x"":10,""y"":14,""width"":296,""height"":183}","{}"
image_3_620.png,99037,"{}",1,0,"{""name"":""rect"",""x"":17,""y"":11,""width"":213,""height"":219}","{}"
image_3_626.png,177421,"{}",1,0,"{""name"":""rect"",""x"":26,""y"":29,""width"":256,""height"":204}","{}"
image_3_637.png,99550,"{}",1,0,"{""name"":""rect"",""x"":20,""y"":43,""width"":146,""height"":99}","{}"
image_3_670.png,81179,"{}",1,0,"{""name"":""rect"",""x"":3,""y"":3,""width"":128,""height"":205}","{}"
image_3_679.png,332903,"{}",1,0,"{""name"":""rect"",""x"":121,""y"":76,""width"":332,""height"":187}","{}"
image_3_685.png,100235,"{}",1,0,"{""name"":""rect"",""x"":45,""y"":10,""width"":109,""height"":125}","{}"
image_3_700.png,91538,"{}",1,0,"{""name"":""rect"",""x"":34,""y"":26,""width"":157,""height"":151}","{}"
image_3_703.png,38148,"{}",1,0,"{""name"":""rect"",""x"":30,""y"":89,""width"":120,""height"":90}","{}"
image_3_708.png,276769,"{}",1,0,"{""name"":""rect"",""x"":56,""y"":17,""width"":317,""height"":276}","{}"
image_3_717.png,184203,"{}",1,0,"{""name"":""rect"",""x"":27,""y"":22,""width"":130,""height"":194}","{}"
image_3_718.png,144801,"{}",1,0,"{""name"":""rect"",""x"":18,""y"":21,""width"":285,""height"":175}","{}"
image_3_743.png,151273,"{}",1,0,"{""name"":""rect"",""x"":11,""y"":107,""width"":303,""height"":75}","{}"
image_3_757.png,85122,"{}",1,0,"{""name"":""rect"",""x"":20,""y"":58,""width"":115,""height"":123}","{}"
image_3_760.png,87122,"{}",1,0,"{""name"":""rect"",""x"":7,""y"":15,""width"":205,""height"":186}","{}"
image_3_780.png,105440,"{}",1,0,"{""name"":""rect"",""x"":16,""y"":14,""width"":138,""height"":219}","{}"
image_3_798.png,210281,"{}",1,0,"{""name"":""rect"",""x"":22,""y"":22,""width"":268,""height"":220}","{}"
image_3_800.png,298059,"{}",1,0,"{""name"":""rect"",""x"":31,""y"":13,""width"":434,""height"":254}","{}"
image_3_802.png,80953,"{}",1,0,"{""name"":""rect"",""x"":14,""y"":18,""width"":282,""height"":171}","{}"
image_3_804.png,256294,"{}",1,0,"{""name"":""rect"",""x"":35,""y"":18,""width"":416,""height"":302}","{}"
image_3_811.png,162655,"{}",1,0,"{""name"":""rect"",""x"":8,""y"":2,""width"":311,""height"":196}","{}"
image_3_827.png,176101,"{}",1,0,"{""name"":""rect"",""x"":108,""y"":19,""width"":118,""height"":131}","{}"
image_3_849.png,140060,"{}",1,0,"{""name"":""rect"",""x"":2,""y"":13,""width"":316,""height"":173}","{}"
image_3_850.png,162526,"{}",1,0,"{""name"":""rect"",""x"":71,""y"":119,""width"":243,""height"":109}","{}"
image_3_854.png,312617,"{}",1,0,"{""name"":""rect"",""x"":26,""y"":3,""width"":467,""height"":186}","{}"
image_3_857.png,64335,"{}",1,0,"{""name"":""rect"",""x"":3,""y"":58,""width"":124,""height"":107}","{}"
image_3_860.png,90424,"{}",1,0,"{""name"":""rect"",""x"":5,""y"":2,""width"":167,""height"":182}","{}"
image_3_863.png,133361,"{}",1,0,"{""name"":""rect"",""x"":53,""y"":12,""width"":158,""height"":105}","{}"
image_3_881.png,118196,"{}",1,0,"{""name"":""rect"",""x"":23,""y"":16,""width"":197,""height"":169}","{}"
image_3_885.png,122128,"{}",1,0,"{""name"":""rect"",""x"":18,""y"":18,""width"":294,""height"":229}","{}"
image_3_888.png,79117,"{}",1,0,"{""name"":""rect"",""x"":90,""y"":56,""width"":42,""height"":69}","{}"
image_3_915.png,153198,"{}",1,0,"{""name"":""rect"",""x"":7,""y"":33,""width"":311,""height"":253}","{}"
image_3_918.png,273489,"{}",1,0,"{""name"":""rect"",""x"":28,""y"":25,""width"":440,""height"":272}","{}"
image_3_924.png,179794,"{}",1,0,"{""name"":""rect"",""x"":14,""y"":21,""width"":299,""height"":193}","{}"
image_3_954.png,66454,"{}",1,0,"{""name"":""rect"",""x"":24,""y"":96,""width"":82,""height"":90}","{}"
image_3_956.png,148979,"{}",1,0,"{""name"":""rect"",""x"":85,""y"":80,""width"":198,""height"":126}","{}"
image_3_962.png,184611,"{}",1,0,"{""name"":""rect"",""x"":42,""y"":23,""width"":420,""height"":287}","{}"
image_3_964.png,150153,"{}",1,0,"{""name"":""rect"",""x"":15,""y"":5,""width"":288,""height"":227}","{}"
image_3_966.png,91779,"{}",1,0,"{""name"":""rect"",""x"":21,""y"":6,""width"":190,""height"":209}","{}"
image_3_972.png,163602,"{}",1,0,"{""name"":""rect"",""x"":97,""y"":34,""width"":202,""height"":168}","{}"
image_3_973.png,149597,"{}",1,0,"{""name"":""rect"",""x"":64,""y"":21,""width"":202,""height"":183}","{}"
image_3_978.png,171004,"{}",1,0,"{""name"":""rect"",""x"":73,""y"":14,""width"":181,""height"":194}","{}"
image_3_982.png,182765,"{}",0,0,"{""name"":""rect"",""x"":7,""y"":2,""width"":428,""height"":295}","{}"
image_3_990.png,154588,"{}",1,0,"{""name"":""rect"",""x"":70,""y"":67,""width"":89,""height"":111}","{}"
image_3_991.png,326973,"{}",1,0,"{""name"":""rect"",""x"":21,""y"":42,""width"":466,""height"":268}","{}"
image_3_999.png,300847,"{}",1,0,"{""name"":""rect"",""x"":38,""y"":16,""width"":410,""height"":290}","{}"
image_4_3.png,149484,"{}",1,0,"{""name"":""rect"",""x"":14,""y"":99,""width"":114,""height"":131}","{}"
image_4_28.png,329346,"{}",1,0,"{""name"":""rect"",""x"":34,""y"":38,""width"":433,""height"":252}","{}"
image_4_49.png,132797,"{}",1,0,"{""name"":""rect"",""x"":35,""y"":6,""width"":275,""height"":204}","{}"
image_4_50.png,325079,"{}",1,0,"{""name"":""rect"",""x"":171,""y"":74,""width"":235,""height"":224}","{}"
image_4_58.png,91593,"{}",1,0,"{""name"":""rect"",""x"":70,""y"":31,""width"":215,""height"":174}","{}"
image_4_59.png,308712,"{}",1,0,"{""name"":""rect"",""x"":13,""y"":9,""width"":433,""height"":361}","{}"
image_4_61.png,277524,"{}",1,0,"{""name"":""rect"",""x"":38,""y"":36,""width"":428,""height"":319}","{}"
image_4_71.png,101401,"{}",1,0,"{""name"":""rect"",""x"":38,""y"":9,""width"":134,""height"":212}","{}"
image_4_72.png,185937,"{}",1,0,"{""name"":""rect"",""x"":18,""y"":10,""width"":274,""height"":218}","{}"
image_4_75.png,120476,"{}",1,0,"{""name"":""rect"",""x"":20,""y"":23,""width"":172,""height"":117}","{}"
image_4_79.png,220615,"{}",1,0,"{""name"":""rect"",""x"":218,""y"":36,""width"":221,""height"":257}","{}"
image_4_80.png,108790,"{}",1,0,"{""name"":""rect"",""x"":43,""y"":33,""width"":232,""height"":132}","{}"
image_4_89.png,149989,"{}",1,0,"{""name"":""rect"",""x"":71,""y"":13,""width"":235,""height"":210}","{}"
image_4_91.png,109456,"{}",1,0,"{""name"":""rect"",""x"":2,""y"":142,""width"":100,""height"":81}","{}"
image_4_93.png,255873,"{}",1,0,"{""name"":""rect"",""x"":105,""y"":62,""width"":277,""height"":212}","{}"
image_4_103.png,331996,"{}",1,0,"{""name"":""rect"",""x"":91,""y"":38,""width"":377,""height"":276}","{}"
image_4_110.png,202283,"{}",1,0,"{""name"":""rect"",""x"":179,""y"":67,""width"":273,""height"":242}","{}"
image_4_112.png,92548,"{}",1,0,"{""name"":""rect"",""x"":19,""y"":15,""width"":197,""height"":147}","{}"
image_4_113.png,227540,"{}",1,0,"{""name"":""rect"",""x"":115,""y"":10,""width"":362,""height"":262}","{}"
image_4_118.png,229119,"{}",1,0,"{""name"":""rect"",""x"":34,""y"":14,""width"":442,""height"":298}","{}"
image_4_122.png,151688,"{}",1,0,"{""name"":""rect"",""x"":212,""y"":6,""width"":100,""height"":126}","{}"
image_4_144.png,253030,"{}",1,0,"{""name"":""rect"",""x"":142,""y"":157,""width"":273,""height"":145}","{}"
image_4_148.png,160801,"{}",1,0,"{""name"":""rect"",""x"":22,""y"":15,""width"":284,""height"":200}","{}"
image_4_153.png,199015,"{}",1,0,"{""name"":""rect"",""x"":28,""y"":5,""width"":255,""height"":147}","{}"
image_4_162.png,91466,"{}",1,0,"{""name"":""rect"",""x"":19,""y"":22,""width"":210,""height"":199}","{}"
image_4_171.png,73772,"{}",1,0,"{""name"":""rect"",""x"":28,""y"":8,""width"":254,""height"":121}","{}"
image_4_193.png,289181,"{}",1,0,"{""name"":""rect"",""x"":218,""y"":1,""width"":275,""height"":329}","{}"
image_4_195.png,71208,"{}",1,0,"{""name"":""rect"",""x"":48,""y"":39,""width"":168,""height"":144}","{}"
image_4_196.png,214700,"{}",1,0,"{""name"":""rect"",""x"":51,""y"":14,""width"":355,""height"":253}","{}"
image_4_197.png,127387,"{}",1,0,"{""name"":""rect"",""x"":164,""y"":22,""width"":218,""height"":244}","{}"
image_4_198.png,228002,"{}",1,0,"{""name"":""rect"",""x"":13,""y"":37,""width"":470,""height"":254}","{}"
image_4_200.png,265573,"{}",1,0,"{""name"":""rect"",""x"":91,""y"":9,""width"":267,""height"":269}","{}"
image_4_203.png,128859,"{}",1,0,"{""name"":""rect"",""x"":18,""y"":5,""width"":290,""height"":203}","{}"
image_4_206.png,70942,"{}",1,0,"{""name"":""rect"",""x"":7,""y"":140,""width"":108,""height"":78}","{}"
image_4_207.png,94657,"{}",1,0,"{""name"":""rect"",""x"":50,""y"":78,""width"":157,""height"":99}","{}"
image_4_212.png,147798,"{}",1,0,"{""name"":""rect"",""x"":30,""y"":68,""width"":280,""height"":160}","{}"
image_4_214.png,100139,"{}",1,0,"{""name"":""rect"",""x"":62,""y"":107,""width"":140,""height"":105}","{}"
image_4_219.png,86299,"{}",1,0,"{""name"":""rect"",""x"":30,""y"":19,""width"":152,""height"":179}","{}"
image_4_221.png,318277,"{}",1,0,"{""name"":""rect"",""x"":48,""y"":38,""width"":373,""height"":240}","{}"
image_4_224.png,120234,"{}",1,0,"{""name"":""rect"",""x"":88,""y"":10,""width"":147,""height"":151}","{}"
image_4_227.png,292693,"{}",1,0,"{""name"":""rect"",""x"":12,""y"":15,""width"":481,""height"":283}","{}"
image_4_238.png,181223,"{}",1,0,"{""name"":""rect"",""x"":283,""y"":139,""width"":187,""height"":201}","{}"
image_4_244.png,109061,"{}",1,0,"{""name"":""rect"",""x"":18,""y"":2,""width"":281,""height"":242}","{}"
image_4_247.png,161133,"{}",1,0,"{""name"":""rect"",""x"":157,""y"":38,""width"":132,""height"":76}","{}"
image_4_251.png,154689,"{}",1,0,"{""name"":""rect"",""x"":139,""y"":40,""width"":168,""height"":129}","{}"
image_4_261.png,77696,"{}",1,0,"{""name"":""rect"",""x"":14,""y"":14,""width"":180,""height"":214}","{}"
image_4_282.png,146010,"{}",1,0,"{""name"":""rect"",""x"":49,""y"":46,""width"":249,""height"":172}","{}"
image_4_294.png,74446,"{}",1,0,"{""name"":""rect"",""x"":84,""y"":18,""width"":97,""height"":129}","{}"
image_4_296.png,101991,"{}",1,0,"{""name"":""rect"",""x"":34,""y"":21,""width"":237,""height"":157}","{}"
image_4_298.png,95131,"{}",1,0,"{""name"":""rect"",""x"":79,""y"":30,""width"":225,""height"":122}","{}"
image_4_321.png,71115,"{}",1,0,"{""name"":""rect"",""x"":58,""y"":60,""width"":123,""height"":164}","{}"
image_4_328.png,92927,"{}",1,0,"{""name"":""rect"",""x"":29,""y"":9,""width"":200,""height"":184}","{}"
image_4_330.png,331895,"{}",1,0,"{""name"":""rect"",""x"":22,""y"":41,""width"":344,""height"":253}","{}"
image_4_331.png,291775,"{}",1,0,"{""name"":""rect"",""x"":74,""y"":76,""width"":380,""height"":188}","{}"
image_4_336.png,121384,"{}",1,0,"{""name"":""rect"",""x"":57,""y"":6,""width"":233,""height"":217}","{}"
image_4_342.png,107758,"{}",1,0,"{""name"":""rect"",""x"":78,""y"":27,""width"":195,""height"":181}","{}"
image_4_343.png,128573,"{}",1,0,"{""name"":""rect"",""x"":4,""y"":23,""width"":200,""height"":186}","{}"
image_4_354.png,63934,"{}",1,0,"{""name"":""rect"",""x"":7,""y"":34,""width"":131,""height"":183}","{}"
image_4_359.png,224403,"{}",1,0,"{""name"":""rect"",""x"":116,""y"":7,""width"":284,""height"":271}","{}"
image_4_364.png,300888,"{}",1,0,"{""name"":""rect"",""x"":33,""y"":6,""width"":419,""height"":303}","{}"
image_4_368.png,271582,"{}",1,0,"{""name"":""rect"",""x"":43,""y"":2,""width"":433,""height"":295}","{}"
image_4_380.png,214773,"{}",1,0,"{""name"":""rect"",""x"":5,""y"":35,""width"":457,""height"":281}","{}"
image_4_384.png,213451,"{}",1,0,"{""name"":""rect"",""x"":94,""y"":37,""width"":347,""height"":257}","{}"
image_4_394.png,223838,"{}",1,0,"{""name"":""rect"",""x"":86,""y"":18,""width"":344,""height"":232}","{}"
image_4_397.png,110505,"{}",1,0,"{""name"":""rect"",""x"":69,""y"":12,""width"":127,""height"":59}","{}"
image_4_400.png,144262,"{}",1,0,"{""name"":""rect"",""x"":18,""y"":23,""width"":277,""height"":190}","{}"
image_4_401.png,191069,"{}",1,0,"{""name"":""rect"",""x"":45,""y"":33,""width"":436,""height"":204}","{}"
image_4_411.png,92981,"{}",1,0,"{""name"":""rect"",""x"":78,""y"":21,""width"":200,""height"":180}","{}"
image_4_424.png,87608,"{}",1,0,"{""name"":""rect"",""x"":162,""y"":58,""width"":152,""height"":130}","{}"
image_4_426.png,171551,"{}",1,0,"{""name"":""rect"",""x"":50,""y"":9,""width"":256,""height"":199}","{}"
image_4_430.png,68983,"{}",1,0,"{""name"":""rect"",""x"":35,""y"":23,""width"":187,""height"":186}","{}"
image_4_453.png,117463,"{}",1,0,"{""name"":""rect"",""x"":142,""y"":10,""width"":166,""height"":185}","{}"
image_4_461.png,48952,"{}",1,0,"{""name"":""rect"",""x"":50,""y"":36,""width"":228,""height"":210}","{}"
image_4_469.png,133244,"{}",1,0,"{""name"":""rect"",""x"":29,""y"":83,""width"":289,""height"":139}","{}"
image_4_474.png,126417,"{}",1,0,"{""name"":""rect"",""x"":36,""y"":1,""width"":228,""height"":201}","{}"
image_4_476.png,215794,"{}",1,0,"{""name"":""rect"",""x"":59,""y"":38,""width"":309,""height"":225}","{}"
image_4_477.png,238941,"{}",1,0,"{""name"":""rect"",""x"":198,""y"":8,""width"":296,""height"":297}","{}"
image_4_481.png,271970,"{}",1,0,"{""name"":""rect"",""x"":122,""y"":41,""width"":336,""height"":257}","{}"
image_4_490.png,86150,"{}",1,0,"{""name"":""rect"",""x"":16,""y"":5,""width"":200,""height"":212}","{}"
image_4_491.png,60924,"{}",1,0,"{""name"":""rect"",""x"":38,""y"":46,""width"":172,""height"":159}","{}"
image_4_505.png,101456,"{}",1,0,"{""name"":""rect"",""x"":10,""y"":6,""width"":294,""height"":187}","{}"
image_4_515.png,163699,"{}",1,0,"{""name"":""rect"",""x"":6,""y"":4,""width"":311,""height"":234}","{}"
image_4_528.png,154354,"{}",1,0,"{""name"":""rect"",""x"":6,""y"":6,""width"":310,""height"":227}","{}"
image_4_537.png,128943,"{}",1,0,"{""name"":""rect"",""x"":46,""y"":25,""width"":236,""height"":182}","{}"
image_4_538.png,305755,"{}",1,0,"{""name"":""rect"",""x"":32,""y"":24,""width"":451,""height"":290}","{}"
image_4_540.png,135488,"{}",1,0,"{""name"":""rect"",""x"":65,""y"":13,""width"":167,""height"":139}","{}"
image_4_542.png,140609,"{}",1,0,"{""name"":""rect"",""x"":26,""y"":11,""width"":260,""height"":215}","{}"
image_4_549.png,349050,"{}",1,0,"{""name"":""rect"",""x"":70,""y"":6,""width"":211,""height"":132}","{}"
image_4_559.png,80087,"{}",1,0,"{""name"":""rect"",""x"":24,""y"":45,""width"":200,""height"":142}","{}"
image_4_560.png,259960,"{}",1,0,"{""name"":""rect"",""x"":39,""y"":40,""width"":402,""height"":244}","{}"
image_4_562.png,124658,"{}",1,0,"{""name"":""rect"",""x"":17,""y"":23,""width"":243,""height"":176}","{}"
image_4_574.png,115034,"{}",1,0,"{""name"":""rect"",""x"":28,""y"":48,""width"":142,""height"":137}","{}"
image_4_576.png,279704,"{}",1,0,"{""name"":""rect"",""x"":61,""y"":24,""width"":262,""height"":217}","{}"
image_4_577.png,181756,"{}",1,0,"{""name"":""rect"",""x"":194,""y"":14,""width"":118,""height"":185}","{}"
image_4_586.png,205647,"{}",1,0,"{""name"":""rect"",""x"":58,""y"":12,""width"":397,""height"":211}","{}"
image_4_590.png,144753,"{}",1,0,"{""name"":""rect"",""x"":105,""y"":18,""width"":184,""height"":172}","{}"
image_4_600.png,331029,"{}",1,0,"{""name"":""rect"",""x"":94,""y"":21,""width"":270,""height"":241}","{}"
image_4_601.png,105849,"{}",1,0,"{""name"":""rect"",""x"":124,""y"":45,""width"":134,""height"":100}","{}"
image_4_611.png,104018,"{}",1,0,"{""name"":""rect"",""x"":75,""y"":13,""width"":214,""height"":189}","{}"
image_4_614.png,60024,"{}",1,0,"{""name"":""rect"",""x"":32,""y"":26,""width"":150,""height"":197}","{}"
image_4_623.png,80834,"{}",1,0,"{""name"":""rect"",""x"":21,""y"":11,""width"":204,""height"":199}","{}"
image_4_627.png,131646,"{}",1,0,"{""name"":""rect"",""x"":16,""y"":18,""width"":245,""height"":148}","{}"
image_4_632.png,254475,"{}",1,0,"{""name"":""rect"",""x"":56,""y"":62,""width"":353,""height"":245}","{}"
image_4_640.png,349002,"{}",1,0,"{""name"":""rect"",""x"":277,""y"":50,""width"":165,""height"":198}","{}"
image_4_646.png,80801,"{}",1,0,"{""name"":""rect"",""x"":42,""y"":8,""width"":98,""height"":201}","{}"
image_4_657.png,250130,"{}",1,0,"{""name"":""rect"",""x"":82,""y"":35,""width"":304,""height"":259}","{}"
image_4_659.png,328490,"{}",1,0,"{""name"":""rect"",""x"":129,""y"":47,""width"":252,""height"":239}","{}"
image_4_663.png,192952,"{}",1,0,"{""name"":""rect"",""x"":16,""y"":2,""width"":286,""height"":228}","{}"
image_4_671.png,365662,"{}",1,0,"{""name"":""rect"",""x"":289,""y"":167,""width"":153,""height"":118}","{}"
image_4_676.png,299412,"{}",1,0,"{""name"":""rect"",""x"":22,""y"":10,""width"":437,""height"":300}","{}"
image_4_681.png,285303,"{}",1,0,"{""name"":""rect"",""x"":54,""y"":3,""width"":390,""height"":239}","{}"
image_4_691.png,178934,"{}",1,0,"{""name"":""rect"",""x"":110,""y"":37,""width"":335,""height"":169}","{}"
image_4_694.png,139594,"{}",1,0,"{""name"":""rect"",""x"":64,""y"":14,""width"":231,""height"":212}","{}"
image_4_707.png,119172,"{}",1,0,"{""name"":""rect"",""x"":86,""y"":41,""width"":224,""height"":142}","{}"
image_4_712.png,235367,"{}",1,0,"{""name"":""rect"",""x"":22,""y"":19,""width"":449,""height"":299}","{}"
image_4_720.png,332915,"{}",1,0,"{""name"":""rect"",""x"":54,""y"":68,""width"":411,""height"":238}","{}"
image_4_722.png,83885,"{}",1,0,"{""name"":""rect"",""x"":17,""y"":6,""width"":153,""height"":128}","{}"
image_4_726.png,206490,"{}",1,0,"{""name"":""rect"",""x"":167,""y"":54,""width"":267,""height"":253}","{}"
image_4_733.png,85966,"{}",1,0,"{""name"":""rect"",""x"":40,""y"":32,""width"":222,""height"":150}","{}"
image_4_740.png,105520,"{}",1,0,"{""name"":""rect"",""x"":50,""y"":10,""width"":237,""height"":209}","{}"
image_4_745.png,128676,"{}",1,0,"{""name"":""rect"",""x"":11,""y"":6,""width"":273,""height"":234}","{}"
image_4_750.png,146933,"{}",1,0,"{""name"":""rect"",""x"":26,""y"":2,""width"":279,""height"":228}","{}"
image_4_753.png,125596,"{}",1,0,"{""name"":""rect"",""x"":26,""y"":15,""width"":255,""height"":223}","{}"
image_4_754.png,178007,"{}",1,0,"{""name"":""rect"",""x"":19,""y"":126,""width"":263,""height"":100}","{}"
image_4_764.png,360971,"{}",1,0,"{""name"":""rect"",""x"":56,""y"":6,""width"":406,""height"":342}","{}"
image_4_765.png,148625,"{}",1,0,"{""name"":""rect"",""x"":51,""y"":30,""width"":232,""height"":176}","{}"
image_4_767.png,269255,"{}",1,0,"{""name"":""rect"",""x"":347,""y"":64,""width"":55,""height"":62}","{}"
image_4_775.png,159713,"{}",1,0,"{""name"":""rect"",""x"":122,""y"":10,""width"":156,""height"":202}","{}"
image_4_777.png,385318,"{}",1,0,"{""name"":""rect"",""x"":21,""y"":28,""width"":476,""height"":298}","{}"
image_4_803.png,348026,"{}",1,0,"{""name"":""rect"",""x"":43,""y"":22,""width"":429,""height"":277}","{}"
image_4_807.png,176221,"{}",1,0,"{""name"":""rect"",""x"":93,""y"":14,""width"":121,""height"":133}","{}"
image_4_808.png,113098,"{}",1,0,"{""name"":""rect"",""x"":30,""y"":34,""width"":135,""height"":136}","{}"
image_4_817.png,161666,"{}",1,0,"{""name"":""rect"",""x"":57,""y"":27,""width"":217,""height"":199}","{}"
image_4_818.png,106683,"{}",1,0,"{""name"":""rect"",""x"":2,""y"":12,""width"":228,""height"":199}","{}"
image_4_821.png,236902,"{}",1,0,"{""name"":""rect"",""x"":44,""y"":94,""width"":281,""height"":192}","{}"
image_4_822.png,90675,"{}",1,0,"{""name"":""rect"",""x"":18,""y"":16,""width"":199,""height"":207}","{}"
image_4_829.png,104629,"{}",1,0,"{""name"":""rect"",""x"":62,""y"":34,""width"":215,""height"":174}","{}"
image_4_830.png,62091,"{}",1,0,"{""name"":""rect"",""x"":18,""y"":6,""width"":150,""height"":224}","{}"
image_4_839.png,131272,"{}",1,0,"{""name"":""rect"",""x"":110,""y"":16,""width"":208,""height"":222}","{}"
image_4_841.png,179117,"{}",1,0,"{""name"":""rect"",""x"":42,""y"":30,""width"":248,""height"":154}","{}"
image_4_846.png,85058,"{}",1,0,"{""name"":""rect"",""x"":1,""y"":64,""width"":53,""height"":107}","{}"
image_4_859.png,93268,"{}",1,0,"{""name"":""rect"",""x"":6,""y"":168,""width"":143,""height"":62}","{}"
image_4_861.png,45306,"{}",1,0,"{""name"":""rect"",""x"":126,""y"":46,""width"":169,""height"":148}","{}"
image_4_866.png,65900,"{}",1,0,"{""name"":""rect"",""x"":12,""y"":90,""width"":50,""height"":64}","{}"
image_4_871.png,105928,"{}",1,0,"{""name"":""rect"",""x"":45,""y"":43,""width"":149,""height"":164}","{}"
image_4_872.png,130848,"{}",1,0,"{""name"":""rect"",""x"":18,""y"":8,""width"":283,""height"":221}","{}"
image_4_887.png,132690,"{}",1,0,"{""name"":""rect"",""x"":89,""y"":9,""width"":224,""height"":179}","{}"
image_4_902.png,101597,"{}",1,0,"{""name"":""rect"",""x"":125,""y"":30,""width"":162,""height"":148}","{}"
image_4_907.png,120019,"{}",1,0,"{""name"":""rect"",""x"":47,""y"":18,""width"":254,""height"":188}","{}"
image_4_921.png,166058,"{}",1,0,"{""name"":""rect"",""x"":72,""y"":41,""width"":358,""height"":237}","{}"
image_4_943.png,53825,"{}",1,0,"{""name"":""rect"",""x"":61,""y"":6,""width"":100,""height"":138}","{}"
image_4_953.png,155080,"{}",1,0,"{""name"":""rect"",""x"":114,""y"":34,""width"":79,""height"":152}","{}"
image_4_992.png,209564,"{}",1,0,"{""name"":""rect"",""x"":130,""y"":21,""width"":268,""height"":274}","{}"